{"train_loss": 4.397785159477272, "epoch": 27, "_timestamp": 1693578842.960673, "_runtime": 431.2855660915375, "_step": 53, "val_loss": 4.592883746017589, "_wandb": {"runtime": 431}}